{
"pos": [0.0, -1e-9, 7e-9],
"velocity": [0.0, 0.0, 0.0],
"mass": 8.3932278e-25,
"charge": 3.2043532e-19
}