{
"pos": [5.1e-11, 0.0, 0.0],
"velocity": [0.0, 2.2e6, 0.0],
"mass": 9.10938356e-31,
"charge": -1.6021766208e-19
}