{
"pos": [0.0, -1e-9, 7e-9],
"velocity": [0.0, 0.0, 0.0],
"mass": 1.0359107e-24,
"charge": 3.2043532e-19
}